reporter_name,partner_name,year,trade_flow,no-of_imported_HS6_digit_products,import_share_in_total_products_percent,import_us_dollars_thousand,import_partner_share,ahs_simple_average,ahs_weighted_average_percent,ahs_total_tariff_lines,ahs_dutiable_tariff_lines_share_percent,ahs_duty_free_tariff_lines_share_percent,ahs_specific_tariff_lines_share_percent,ahs_ave_tariff_lines_share_percent,ahs_maxrate_percent,ahs_minrate_percent,ahs_specific_duty_imports_us_dollars_thousand,ahs_dutiable_imports_us_dollars_thousand,ahs_duty_free_imports_us_dollars_thousand,mfn_simple_average_percent,mfn_weighted_average_percent,mfn_total_tariff_lines,mfn_dutiable_tariff_lines_share_percent,mfn_duty_free_tariff_lines_share_percent,mfn_specific_tariff_lines_share_percent,mfn_ave_tariff_lines_share_percent,mfn_max_rate_percent,mfn_minrate_percent,mfn_specific_duty_imports_us_dollars_thousand,mfn_dutiable_imports_us_dollars_thousand,mfn_duty_free_imports_us_dollars_thousand,no_of_tariff_agreement
 World,Aruba,2017,Import,1129,23.39,283422.91,0,11.44,4.76,4678,39.46,59.09,0.15,1.3,274.5,0,1066.76,119207.21,134326.5,10.03,7.38,244036,69.16,26.49,25.72,201.62,3000,0,68905.37,220941.41,32592.29,9
 World,Afghanistan,2017,Import,1228,25.44,915092.19,0.01,4.22,1.55,6395,34.5,64.38,0.09,1.03,754.3,0,15.69,329359.73,151132.82,9.9,10.5,217280,70.78,24.93,14.2,131.67,3000,0,124104.32,480492.54,0,32
 World,Angola,2017,Import,2348,48.64,33691250.22,0.21,3.62,0.5,11494,43.86,54.39,0.15,1.6,282.8,0,1535.53,2512353.26,10153826.16,9.16,3.35,443993,69.41,26.52,18.44,138.73,3000,0,9854906.95,12422632.16,243547.26,28
 World,Anguila,2017,Import,439,9.09,12375.16,0,8.31,6.26,1746,44.04,52,0.4,3.55,754.3,0,150.06,4651.41,4315.99,10.53,20.65,102961,69.4,25.4,28.01,278.24,3000,0,3626.63,8967.39,0,15
 World,Albania,2017,Import,2391,49.53,2397286.83,0.01,1.98,4.66,19764,21.62,72.44,0.23,5.7,3000,0,120437.69,1490325.11,579309.18,9.72,10.6,458169,70.77,25.04,9.68,87.43,3000,0,617000.66,2043803.74,25830.55,22
 World,Andorra,2017,Import,1127,23.35,112094.64,0,3.01,1.81,8705,21.36,75.68,0.23,2.73,3000,0,16769.53,79365.05,58172.67,10.28,7.79,319321,70.81,24.78,20.44,141.34,3000,0,52258.33,137527.99,9.73,7
 World,United Arab Emirates,2017,Import,4427,91.71,153734061.8,0.95,5.08,3.19,95802,48.84,47.37,0.5,3.29,3000,0,41566046.48,111874408,12396872.18,9.27,5.92,836210,70.04,25.98,3.77,30.95,3000,0,46193447.66,112579538.5,11691741.67,31
 World,Argentina,2017,Import,3839,79.53,55934995.08,0.35,3.63,7.81,72038,35.66,60.08,0.33,3.93,3000,0,3442248.99,47617202.48,2199457.12,9.26,11.41,751453,69.96,25.95,4.37,38.33,3000,0,14246368.07,48704207.43,1112452.17,66
 World,Armenia,2017,Import,1687,34.95,1775654.49,0.01,2.71,5.59,12441,21.6,69.54,0.84,8.02,914.2,0,285795.28,1115358.67,322417.78,10.66,20.08,299436,70.23,24.43,13.46,115.22,3000,0,391239.15,1437727.28,49.16,18
 World,American Samoa,2017,Import,750,15.54,36765.52,0,8.72,4.86,2382,63.43,33.92,0.71,1.93,754.3,0,9.4,25887.18,8604.71,10.21,6.76,163908,70.28,24.69,44,302.31,3000,0,4989.09,34460.16,31.73,2
 World,Antarctica,2017,Import,150,3.11,5663.65,0,6.09,1.73,379,58.84,38.79,0,2.37,754.3,0,0,1806.25,5660.43,7.85,6.55,30322,67.43,29.76,23.48,201.32,3000,0,867.19,7443.99,22.7,3
 World,Fr. So. Ant. Tr,2017,Import,94,1.95,10401.35,0,2.16,0.19,410,12.44,86.83,0,0.73,43.2,0,0,298.46,9019.86,9.97,9.41,18419,63.97,31.49,20.73,183.41,3000,0,6258.69,9304.39,13.93,5
 World,Antigua and Barbuda,2017,Import,825,17.09,294216.02,0,1.02,2.16,5278,10.67,85.26,0.42,3.66,126.38,0,467.95,128130.67,25575.07,10.77,5.2,239760,70.07,25.44,18.15,185.56,3000,0,8690.46,144767.11,8938.64,29
 World,Australia,2017,Import,4434,91.86,238175750.4,1.48,5.77,4.39,154965,48.26,47.73,0.3,3.71,3000,0,15314815.33,209276193.9,4355435.52,9.17,6.59,846785,69.92,26.06,2.39,19.54,3000,0,23412414.05,213330235.1,301394.34,15
 World,Austria,2017,Import,4550,94.26,154578456.8,0.96,5.37,4.02,129741,33.35,63.21,0.51,2.93,3000,0,3552716.62,36219641.93,1207696.25,9.16,7.81,782378,70.28,25.73,2.65,21.41,3000,0,7684761.77,37339244.5,88093.69,48
 World,Azerbaijan,2017,Import,2099,43.48,15979732.97,0.1,4.2,0.46,11594,44.45,47.76,0.91,6.89,274.5,0,13068305.81,13812408.85,678479.7,9.99,3.54,336176,69.26,25.95,16.04,122.92,3000,0,13336353.35,14413312.85,77575.7,15
 World,Burundi,2017,Import,329,6.82,75219.55,0,3.58,2.69,926,21.38,78.29,0,0.32,45,0,0,37136.87,17224.66,9.4,11.73,50633,68.6,28.44,15.55,146.33,3000,0,10342.91,54361.46,0.07,34
 World,Belgium,2017,Import,4586,95.01,314389791.1,1.95,5.76,4.57,221459,46.55,50.96,0.36,2.13,3000,0,9353793.69,72763903.6,5752693.54,9.22,8.32,835652,70.01,25.97,1.66,13.52,3000,0,17060555.72,73124807.45,5391789.69,48
 World,Benin,2017,Import,859,17.8,593032.42,0,2.72,1.26,2341,26.91,71.64,0.09,1.37,754.3,0,13.7,235393.68,186200.79,11.24,8.07,119931,68.42,26.4,36.52,228.96,3000,0,31647.2,421594.34,0.13,46
 World,Bonaire,2017,Import,476,9.86,14312.5,0,4.91,1.95,3398,67.33,17.27,2.06,13.33,154.63,0,3.61,3870.86,10384.18,9.15,6.68,146245,67.3,28.51,28.58,151.74,3000,0,41.03,4542.34,9712.69,1
 World,Burkina Faso,2017,Import,760,15.74,2388005.24,0.01,1.44,1.5,2944,28.19,71.37,0.1,0.34,630,0,2.63,154175.47,2232070.79,10.71,4.56,135462,69.25,26.02,25.07,192.63,3000,0,82643.72,2386241.75,4.51,38
 World,Bangladesh,2017,Import,3290,68.16,39605627.94,0.25,2.88,11,41892,40.74,54.79,0.14,4.33,3000,0,150588.38,32962440.78,277452.25,9.26,14.96,671288,70.44,25.56,7.08,56.97,3000,0,1340146.73,33218740.92,21152.11,48
 World,Bulgaria,2017,Import,4481,92.83,28851885.91,0.18,3.19,11.06,76226,34.34,61.76,0.46,3.45,3000,0,414519.35,6748734.17,2248960.08,9.47,12.15,640882,70.72,25.19,3.81,30.61,3000,0,2490426.46,7963775.08,1033919.18,52
 World,Bahrain,2017,Import,2250,46.61,5943524.87,0.04,4.56,3.21,15942,49.78,43.77,0.59,5.86,754.3,0,60838.53,3439738.84,1938367.72,9.55,6.03,451779,70.53,25.35,13.66,102.85,3000,0,422563.3,3714127.51,1663979.05,32
 World,"Bahamas, The",2017,Import,1158,23.99,1310101.63,0.01,1.87,2.86,5940,9.8,87.74,0.05,2.41,754.3,0,100473.96,679292.35,272654.36,9.67,5.51,238403,69.29,26.74,25.39,133.6,3000,0,131713.92,814153.08,137793.63,18
 World,Bosnia and Herzegovina,2017,Import,3106,64.35,6276091.22,0.04,1.37,3.03,33411,23.41,72.57,0.2,3.82,2938.97,0,219937.39,4627963.44,1498513.64,9.57,8.92,613823,70.24,25.45,8.54,70.52,3000,0,1148829.17,6085342.3,41134.78,25
 World,Saint Barthélemy,2017,Import,373,7.73,36079.58,0,2.37,0.12,537,10.8,87.34,0,1.86,22.52,0,0,90.03,4093.24,10.74,8.82,35230,73.28,22.92,32.4,216.76,1717.43,0,426.77,4183.27,0,3
 World,Belarus,2017,Import,3859,79.95,21406906.33,0.13,3.14,4.14,46098,40,56.43,0.35,3.22,3000,0,1375296.86,17353028.67,2289818.02,9.33,10.89,743454,70.22,25.62,7.33,59.61,3000,0,5313299.33,18857833.72,785012.97,17
 World,Belize,2017,Import,1072,22.21,520701.3,0,2.03,3.38,5721,15.57,83.06,0.03,1.33,265,0,39.63,139301.38,113363.83,9.44,11.7,217203,68.77,27.18,15.99,137.98,3000,0,117226.45,252664.89,0.33,34
 World,Bermuda,2017,Import,725,15.02,171967.03,0,4.55,0.81,2171,31,59.1,0.78,9.12,274.5,0,4157.07,10769.77,72836.75,10.24,8.08,97321,68.94,26.14,28.88,191.8,3000,0,6626.58,83576.07,30.45,10
 World,Bolivia,2017,Import,2102,43.55,7124478.53,0.04,1.69,0.85,16539,14.1,78.06,0.74,7.1,2938.97,0,38111.49,3035960.6,4300017.63,9.67,6.13,485528,70,25.69,13.83,112.62,3000,0,297799.6,7333600.86,2377.37,63
 World,Brazil,2017,Import,4315,89.39,217301352.4,1.35,4.62,11.94,152565,45.93,50.98,0.31,2.78,3000,0,37540000.12,201100670,2256065.91,9.1,11.79,826212,69.98,26.02,2.35,19.32,3000,0,57632035.69,202358311.6,998424.29,69
 World,Barbados,2017,Import,1226,25.4,295253.97,0,1.67,4.11,6970,8.29,89.7,0.01,1.99,612.71,0,0,117362.95,97945.31,10.61,20.15,272535,70.25,25.21,19.99,157.58,3000,0,93345.96,210624.61,4683.65,23
 World,Brunei,2017,Import,1687,34.95,4698571.28,0.03,5.93,0.12,11485,46.69,46.02,0.77,6.53,3000,0,1587951.31,1783606.81,2498464.47,9.38,3.29,357363,70.05,26.18,14.63,102.73,3000,0,1722500.76,4281798.17,273.12,28
 World,Bhutan,2017,Import,327,6.77,239003.1,0,3.36,0.14,1041,17.58,82.04,0,0.38,189.34,0,0,125600.48,104359.97,11.66,6.25,66323,67.72,26.56,71.76,292.51,3000,0,49493.86,229960.45,0,35
 World,Bunkers,2017,Import,85,1.76,3176.1,0,32.61,23.34,33,57.58,30.3,0,12.12,452.89,0,0,27.13,0.11,12.36,13.79,6412,65.33,23.44,115.15,2066.67,3000,0,20.3,27.24,0,
 World,Bouvet Island,2017,Import,56,1.16,2020.06,0,7.03,1.94,89,59.55,40.45,0,0,30,0,0,21.05,56.25,9.07,4.91,9367,67.33,30.13,8.99,258.43,165,0,5.82,77.29,0,1
 World,Botswana,2017,Import,2230,46.2,5759763.01,0.04,0.26,1.34,8737,4.42,95.52,0,0.06,292,0,0,5512832.68,215690.81,10.25,7.74,466289,70.22,24.86,25.86,236.9,3000,0,17074.81,5727524.41,999.07,25
 World,Central African Republic,2017,Import,486,10.07,71915.95,0,5.07,0.29,1759,28.48,64.35,1.36,5.8,45,0,20.5,13598.37,41787.64,9.28,5.81,84690,66.71,29.03,15.35,189.6,3000,0,2877.76,55276.94,109.07,28
 World,Canada,2017,Import,4505,93.33,422156128.9,2.62,5.86,6.19,192041,54.54,43.24,0.25,1.97,3000,0,70482914.82,362406237.9,26668887.95,9.16,8.13,858877,69.84,26.17,1.95,15.91,3000,0,157194183.7,377660108.7,11415017.13,17
 World,Cocos (Keeling) Islands,2017,Import,295,6.11,4025.11,0,4.84,3.19,1251,48.36,50.04,0,1.6,175.64,0,0,1514.78,1785.85,9.11,7.54,57191,69.75,27.79,5.92,106.63,1282.41,0,191.22,3300.62,0,6
 World,Switzerland,2017,Import,4450,92.19,290067983.7,1.8,4.42,4.3,200005,37.8,59.76,0.32,2.12,3000,0,52985542.4,252290813.7,5469181.09,9.03,7.36,846624,69.98,26.1,1.86,14.73,3000,0,75451603.7,256715380.5,1044614.32,42
 World,Chile,2017,Import,3678,76.2,68422065.42,0.42,2.29,3.14,57143,15.81,80.35,0.31,3.53,3000,0,5351002.63,59587464.51,6414465.51,9.32,7.68,723607,70.05,25.92,5.35,45.63,3000,0,24766243.48,65801348.35,200581.67,71
 World,China,2017,Import,4718,97.74,2346100164,14.55,6.88,6.06,425052,57.54,39.99,0.36,2.1,3000,0,146424029,2173742040,7091425.72,9.08,7.53,880056,69.93,26.16,0.9,7.18,3000,0,346994296.9,2175160642,5672823.34,29
 World,Cote d'Ivoire,2017,Import,2252,46.65,10902209.98,0.07,1.31,4.99,13313,11.76,84.15,0.15,3.94,914.2,0,581835.71,8701376.81,825765.05,9.46,7.5,471597,69.88,26.05,16.13,128.16,3000,0,861000.48,9344035.83,183106.03,28
 World,Cameroon,2017,Import,2231,46.22,3666189.73,0.02,2.39,3.95,15652,18.92,77.95,0.1,3.03,914.2,0,303.22,2716686.87,310861.16,9.5,6.01,462824,69.97,25.97,13.5,106.66,3000,0,1213574.41,2977781.13,49766.89,24
 World,"Congo, Rep.",2017,Import,1604,33.23,5850931.9,0.04,4.17,0.69,9999,38.69,53.98,0.87,6.46,265,0,239.31,1384816.38,3407225.08,9.15,3.3,361813,69.27,26.91,18.43,119.82,3000,0,4162913.08,4726624.51,65416.95,18
 World,Cook Islands,2017,Import,308,6.38,42257.96,0,2.94,3.18,1251,31.57,64.91,0,3.52,100,0,0,21672.82,13920.6,9.57,8.11,70170,66.24,28.68,34.93,249.72,3000,0,8760.66,35583.46,9.95,19
 World,Colombia,2017,Import,3712,76.9,40115536.72,0.25,2.07,4.45,64762,20.92,76.47,0.1,2.51,3000,0,2032620.42,25024386.18,11874045.91,9.16,7.26,733735,70.17,25.85,4.92,40.13,3000,0,14014206.53,35927655.63,970776.46,59
 World,Comoros,2017,Import,315,6.53,79009.65,0,5.95,1.86,790,39.75,57.09,0.13,3.04,82.18,0,1.63,65737.38,9463.68,12.42,9.39,54351,68.54,23.55,31.77,512.78,1800,0,47.08,75116.09,84.98,52
 World,Cape Verde,2017,Import,633,13.11,100964.69,0,1.9,1.4,3281,10.09,78.3,2.5,9.11,240.16,0,862.77,34432.9,59829.12,10.5,10.82,144120,68.39,26.89,22.62,184.58,3000,0,9945.27,94259.49,2.53,28
 World,Costa Rica,2017,Import,3343,69.26,13158064.4,0.08,1.64,6.16,37325,20.35,75.97,0.35,3.32,914.2,0,520501.93,10524791.87,520960.71,9.23,11.06,656688,70.02,25.89,7.24,64.68,3000,0,1592345.74,11045647.59,104.99,32
 World,Cuba,2017,Import,2300,47.65,1871170.39,0.01,5.63,11.01,11880,62.69,27.32,1.09,8.89,3000,0,295570.59,774266,130547.29,9.35,24.08,473721,69.74,26.24,17.85,142.51,3000,0,679374.58,883825.55,20987.73,51
 World,Curaçao,2017,Import,1673,34.66,1270616.32,0.01,8.35,2.63,10656,49.14,48.81,0.29,1.76,754.3,0,399262.52,905469.17,329530.54,10.59,4.96,351782,70.06,25.1,18.32,141.33,3000,0,461207.26,1043043.35,191956.37,3
 World,Christmas Island,2017,Import,332,6.88,21075.06,0,4.17,1.53,933,49.09,50.38,0,0.54,30,0,0,1504.06,4784.77,9.93,17.06,59447,70.13,27.09,19.08,158.31,3000,0,969.23,6288.83,0,6
 World,Cayman Islands,2017,Import,747,15.48,651177.21,0,4.91,0.53,2124,29.9,68.46,0.89,0.75,82,0,165.53,1398902.68,61401.52,9.84,10.12,108998,68.69,27.61,20.95,169.3,3000,0,31920.79,1448031.61,12272.59,10
 World,Cyprus,2017,Import,4167,86.33,2912476.33,0.02,4.03,7.16,17238,37.09,58.67,0.77,3.46,914.2,0,77925.48,823336.31,367282.71,10.62,11.2,363455,70.54,24.34,13.01,94.96,3000,0,359442.41,1074679.27,115939.75,49
 World,Czech Republic,2017,Import,4533,93.91,160858474.2,1,4.94,4.2,144234,41.1,56.48,0.3,2.11,3000,0,5605419.66,28164368.05,836183.2,9.04,8.12,731838,70.37,25.8,2.06,17.35,3000,0,8930050.7,28959090.05,41461.19,49
 World,Germany,2017,Import,4618,95.67,1290757752,8,5.67,5.8,371941,45.04,52.39,0.42,2.16,3000,0,114648383.9,507561885.7,5312195.31,9.09,8.28,875408,69.88,26.14,1.03,8.35,3000,0,156977839.3,509603271.3,3270809.77,48
 World,Djibouti,2017,Import,466,9.65,99272.2,0,1.83,2.39,3678,37.96,61.83,0.05,0.16,70,0,0.01,19195.49,30445.5,9.34,10.79,154617,67.44,28.4,26.64,148.21,3000,0,7047.55,49521.58,119.41,47
 World,Dominica,2017,Import,603,12.49,43102.87,0,4.25,3.56,3329,27.55,71.46,0.03,0.96,265,0,0.09,25908.11,9171.52,11.78,12.74,130640,69.16,25.97,20.49,170.53,3000,0,4751.1,35079.63,0,31
 World,Denmark,2017,Import,4524,93.72,86858031.3,0.54,5.59,7.18,144429,42.1,55.08,0.27,2.54,3000,0,3973006.49,29677085.01,871549.49,9.24,9.02,779477,70.2,25.75,2.36,19.49,3000,0,6734843.7,30069435.96,479198.54,48
 World,Dominican Republic,2017,Import,2978,61.69,8898528.67,0.06,3.51,6.6,32137,34.79,61.94,0.13,3.13,1206.17,0,937898.75,8016125.09,312317.33,9.54,12.78,616448,70.21,25.68,8.62,70.29,3000,0,1582050.16,8279802.68,48639.73,19
 World,Algeria,2017,Import,1746,36.17,33572762.12,0.21,3.73,0.9,11889,27.24,64.56,0.98,7.23,827.69,0,13071412.34,19838333.39,14165595.11,9.74,3.23,365592,69.29,26.06,17.32,125.63,3000,0,13435945.21,27102300.5,6901628,36
 World,East Asia & Pacific,2017,Import,4782,99.07,5140472532,31.88,5.62,4.71,2263565,47.48,49.49,0.33,2.71,3000,0,566260685,4876050241,68830023.67,9.16,7.28,889261,69.85,26.18,0.17,1.39,3000,0,958261240.8,4876292316,68587949.04,891
 World,Europe & Central Asia,2017,Import,4702,97.41,6246612463,38.74,5.04,5.06,4906085,41.6,55.22,0.38,2.8,3000,0,705392493.3,2635852699,102289177.2,9.17,8.3,890496,69.83,26.2,0.08,0.64,3000,0,829377531.1,2636075606,102066270,1803
 World,Ecuador,2017,Import,3251,67.35,19982336.41,0.12,2.31,4.99,33473,25.65,69.12,0.33,4.91,3000,0,8646671.36,18322380.5,461636.19,9.23,9.61,672545,70.23,25.87,8.24,69.97,3000,0,9255472.42,18707374.39,76642.29,56
 World,"Egypt, Arab Rep.",2017,Import,3899,80.77,23053002.48,0.14,2.58,5.45,52081,30.4,65.12,0.29,4.18,3000,0,4256885.33,16425014.72,2513299.9,9.31,8.38,744894,70.27,25.69,6.14,51.63,3000,0,5948323.34,18428061.21,510253.4,48
 World,Eritrea,2017,Import,299,6.19,296470.35,0,3.23,0.28,1027,34.66,64.56,0.1,0.68,45,0,48.18,15158.4,109852.04,10.46,4.07,58265,68.88,26.25,25.71,250.83,3000,0,4770.01,125010.38,0.06,31
 World,Western Sahara,2017,Import,130,2.69,969.73,0,8.75,5.71,287,32.06,67.6,0,0.35,40,0,0,322.84,103.72,8.92,8.67,17239,68.69,29.2,5.57,121.25,1282.41,0,26.23,426.57,0,2
 World,Spain,2017,Import,4599,95.28,279142718.1,1.73,5.47,6.34,283805,46.31,51.06,0.39,2.24,3000,0,17309026.29,87080160.73,6441834.29,9.17,9.61,856461,70.04,25.95,1.31,10.77,3000,0,29433227.95,89349155.91,4172839.11,48
 World,Estonia,2017,Import,4372,90.57,13403912.65,0.08,4.19,3.08,40598,37.62,58.45,0.39,3.54,513,0,74584.43,3125654.62,589994.3,9.34,6.78,510293,70.92,25.25,5.16,42.95,3000,0,311379.07,3431639.87,284009.04,48
 World,Ethiopia(excludes Eritrea),2017,Import,2770,57.39,2307451.51,0.01,2.48,17.01,16827,35.24,62.61,0.18,1.97,2133.13,0,197816.96,1587715.82,290289.94,9.23,12,592955,70.15,25.91,14.4,124.64,3000,0,359862.89,1877985.7,20.06,36
 World,Finland,2017,Import,4456,92.31,70836255.34,0.44,5.17,3.58,98858,42.51,55.22,0.28,1.99,3000,0,2533145.77,25454311.67,1939073.86,9,6.21,658620,70.3,25.84,2.89,22.82,3000,0,4225155.8,26563851.46,829534.07,48
 World,Fiji,2017,Import,2045,42.37,706690.13,0,4.82,8.34,15823,31.74,65.77,0.42,2.07,3000,0,40537.72,778408.51,65593.42,10.26,16.32,513946,70.5,24.84,15.98,135.22,3000,0,223748.46,841192,2809.92,19
 World,Falkland Island,2017,Import,166,3.44,218684.66,0,2.1,3.7,981,27.01,72.17,0,0.82,35,0,0,24866.95,24636.39,8.08,9.82,43273,66.26,30.65,17.74,118.55,3000,0,13400.73,49503.34,0,10
 World,France,2017,Import,4615,95.61,521390146.4,3.23,5.55,5.83,277433,45.57,51.31,0.47,2.65,3000,0,25548120.88,189079571.1,4195224.45,9.25,9.09,868741,69.94,26.07,1.37,11.13,3000,0,44461839.51,190899357.3,2375438.28,48
 World,Free Zones,2017,Import,1433,29.69,3502230.55,0.02,7.16,6.87,6152,79.19,19.78,0.57,0.46,150,0,41066.59,2796927.38,373217.57,8.71,8.8,278991,71.07,25.65,15.1,133.62,3000,0,710065.58,2450759.26,719385.69,
 World,Faeroe Islands,2017,Import,1876,38.86,1534403.18,0.01,1.76,2.67,9134,14.16,75.86,1.01,8.98,154.63,0,8.89,1219190.99,163241.78,9.06,8.19,375527,69.14,26.85,20,144.92,3000,0,44964.62,1380918.99,1513.78,7
 World,"Micronesia, Fed. Sts.",2017,Import,181,3.75,31270.8,0,22.77,5.12,824,38.96,60.8,0,0.24,3000,0,0,17728.07,1265.36,9.36,7.87,43959,67.13,30.4,15.29,116.87,3000,0,251.47,18898.23,95.2,16
 World,Gabon,2017,Import,2173,45.02,5414398.35,0.03,5.69,1.72,11464,66.62,24.71,0.94,7.73,754.3,0,218.32,2453061.78,202895.4,9.18,3.41,470783,69.8,26.29,18.36,142.38,3000,0,2151724.64,2508565.43,147391.75,15
 World,United Kingdom,2017,Import,4658,96.5,390769607.4,2.42,5.31,5.01,294277,45.13,52.45,0.38,2.04,3000,0,47173013.12,184836465.8,6075014.74,9.12,8.26,867133,69.95,26.11,1.28,10.33,3000,0,62867462.62,186076878.7,4834601.8,49
 World,Georgia,2017,Import,2188,45.33,2517291.99,0.02,1.88,2.91,21557,19.95,76.75,0.21,3.09,708.23,0,150611.56,1478416.98,443170.31,9.48,10.07,428711,69.91,25.9,9.85,73.41,3000,0,385263.24,1845258.85,76328.45,16
 World,Ghana,2017,Import,2618,54.24,11373206.03,0.07,2.1,1.96,16939,17.98,78.37,0.09,3.55,914.2,0,2891.82,7649482,1322611.12,9.33,5.42,541222,69.98,26.04,13.86,113.41,3000,0,1312719.38,8946779.15,25313.97,35
 World,Gibraltar,2017,Import,797,16.51,331718.3,0,4.75,4.31,3365,68.26,27.96,0.39,3.39,100,0,138.27,183153.86,140601.83,9.33,8.29,179416,69.44,26.43,34.26,185.79,3000,0,55712.24,190933.15,132822.54,5
 World,Guinea,2017,Import,922,19.1,3157343.14,0.02,2.38,4.45,3983,32.59,64.45,0.2,2.76,754.3,0,71.65,1656595.17,61042.12,9.41,4.81,172799,69.32,26.97,17.85,142.96,3000,0,73318.33,1715792.72,1844.57,44
 World,"Gambia, The",2017,Import,473,9.8,185568.12,0,8.02,6.03,2256,34.26,65.29,0,0.44,3000,0,0,64013.58,20777.93,9.61,10.42,95358,68.15,28.77,21.68,108.69,3000,0,4497.83,84791.51,0,38
 World,Guinea-Bissau,2017,Import,700,14.5,275349.84,0,1.49,17.02,3644,40.45,59.33,0.05,0.16,30,0,0,330482.23,4112.73,8.7,11.22,153612,67.78,28.49,20.53,136.77,3000,0,4341.57,334594.94,0.02,37
 World,Equatorial Guinea,2017,Import,1565,32.42,5236609.42,0.03,2.1,1.23,7592,41.03,56.81,0.21,1.95,218,0,2433875.38,3465525.08,16010.6,9.3,3.03,339733,69.27,26.48,22.84,167.37,3000,0,2583361.26,3481508.5,27.18,25
 World,Greece,2017,Import,4454,92.27,26687533.5,0.17,3.65,5.97,80154,34.87,61.02,0.42,3.69,3000,0,1095090.15,11100935.49,595085.13,9.59,10.35,676751,70.58,25.27,3.91,31.11,3000,0,2198518.83,7513781.05,4182239.58,48
 World,Grenada,2017,Import,474,9.82,39812.42,0,1.37,0.75,3376,6.34,93.31,0,0.36,45,0,0,8987.94,22946.88,9.81,12.67,154936,68.4,27.76,26.27,150.24,3000,0,4418.34,31922.95,11.87,30
 World,Greenland,2017,Import,634,13.13,954539.45,0.01,0.37,2.01,2961,7.63,86.8,0.3,5.27,78.1,0,10.67,728135.65,38135.43,8.57,9.29,133306,69.16,27.45,13.37,138.94,3000,0,21455.16,765264.75,1006.33,6
 World,Guatemala,2017,Import,3415,70.75,10572860.06,0.07,2.32,7.46,31260,19.38,75.69,0.3,4.63,914.2,0,519906.92,7922306.19,1411106.83,9.36,14.94,668464,70.37,25.57,9.56,77.28,3000,0,1794938.68,9326462.6,6950.42,28
 World,Guam,2017,Import,1101,22.81,27926.96,0,5.74,14.45,2775,66.85,29.77,0.54,2.85,3000,0,22.42,13562.77,4078.6,10.21,11.09,236003,70.33,24.98,56.9,341.69,3000,0,4962.85,17400.04,241.33,2
 World,Guyana,2017,Import,1699,35.2,1435528.91,0.01,0.36,1.58,9758,4.16,93.98,0.16,1.69,612.71,0,33182.29,401549.9,899806.64,9.47,8.22,384304,69,26.83,19.53,144.59,3000,0,203877.46,1301354.77,1.76,39
 World,"Hong Kong, China",2017,Import,4393,91.01,75854352.62,0.47,6.41,3.6,168949,62.48,34.87,0.41,2.24,3000,0,13278914.7,379958768.7,670706.72,9.07,5.43,844448,70.17,25.88,2.17,17.57,3000,0,66491074.77,380297535.4,331940.04,13
 World,Heard Island and McDonald Isla,2017,Import,74,1.53,464947.32,0,8.4,0.55,92,54.35,45.65,0,0,45,0,0,55.07,1407.52,8.68,4.78,6863,65.38,32.46,6.52,154.35,173.7,0,11.21,1462.59,0,2
 World,Honduras,2017,Import,2656,55.02,8552788.32,0.05,2.77,10.23,25391,22,73.29,0.28,4.43,3000,0,174463.88,7810967.81,559433.39,9.44,14.61,545307,70.27,25.56,9.02,80.57,3000,0,910228.08,8370350.89,50.31,27
 World,Croatia,2017,Import,4358,90.28,12852163.78,0.08,2.35,13.11,50631,28.11,68.24,0.16,3.5,3000,0,237103.13,2952232.51,962616.61,9.59,13.19,632161,70.48,25.28,5.25,47.63,3000,0,1258327.2,3487868.13,426980.99,56
 World,Haiti,2017,Import,927,19.2,1131972.93,0.01,3.75,7.78,5782,25.86,71.45,0.1,2.59,754.3,0,11.14,1062038.9,49561.5,10.65,14.66,193908,71.31,24.17,13.51,138.38,3000,0,13386.85,1111599.01,1.4,40
 World,Hungary,2017,Import,4484,92.89,108756991.3,0.67,4.54,6.3,107607,37.61,59.22,0.39,2.78,3000,0,5556812.47,22545840.57,913748.21,9.46,9.06,677289,70.26,25.51,2.9,23.74,3000,0,8490494.99,23248132.11,211456.67,49
 World,Indonesia,2017,Import,4401,91.17,174588585,1.08,4.14,5.43,147550,44.2,52.63,0.26,2.9,3000,0,11372774.17,140605677,19498454.97,9.08,8.76,812768,70.25,25.91,2.36,18.81,3000,0,21343646.11,159229816.9,874315.11,40
 World,India,2017,Import,4570,94.68,234724785.8,1.46,5.9,6.94,283838,61.58,35.77,0.24,2.41,3000,0,31900242.33,218290404.3,22918934.93,9,9.42,864480,70.02,26.16,1.29,10.36,3000,0,45443925.7,221176863.2,20032476.02,44
 World,British Indian Ocean Ter.,2017,Import,225,4.66,17827.66,0,6.64,0.26,672,40.18,58.78,0,1.04,45,0,0,1250,55614.18,9.64,5.47,46430,69.6,26.99,29.02,206.25,850.17,0,1547.69,56864.18,0,10
 World,Ireland,2017,Import,4435,91.88,167525235.4,1.04,5.69,5.01,77204,41.09,56.47,0.46,1.99,3000,0,8516479.01,70304341.79,802802.44,9.61,6.72,612175,70.18,25.62,3.22,30.06,3000,0,26970637.17,70783895,323249.23,48
 World,"Iran, Islamic Rep.",2017,Import,3392,70.27,64891122.27,0.4,6.33,2.18,34648,58.28,32.37,1.08,8.27,2938.97,0,386719.29,38384366.51,535852.48,9.35,3.54,656653,69.86,25.98,8.08,70.87,3000,0,32711211.58,38779870.05,140348.93,21
 World,Iraq,2017,Import,1128,23.37,67210931.54,0.42,6.81,1.3,6345,65.34,28.9,1.48,4.27,274.5,0,50133107.06,51542744.44,1870878.98,10.12,2.89,242541,69.54,25.91,19.91,153.95,3000,0,51414178.02,53103980.93,309642.49,37
 World,Iceland,2017,Import,3099,64.2,4917788.38,0.03,1.87,1.44,24540,17.42,77.72,0.47,4.4,3000,0,38449.4,3168396.38,1859995.08,9.26,6.38,628222,70.01,25.88,10.46,94.69,3000,0,223256.29,5014724.43,13667.02,40
 World,Israel,2017,Import,3916,81.13,55931804.31,0.35,3.52,3.43,91959,36.94,59.93,0.53,2.61,3000,0,5563821.88,53723577.45,2296256.94,9.07,6.78,774485,70.15,25.93,3.58,29.4,3000,0,13155173.75,54520890.55,1498943.84,17
 World,Italy,2017,Import,4621,95.73,474954487.2,2.95,5.48,5.66,332479,44.23,52.86,0.41,2.5,3000,0,29423968.64,201042161.2,5208939.73,9.12,9.65,863366,70,26.02,1.12,9.22,3000,0,47832885.66,201551342.2,4699758.66,48
 World,Jamaica,2017,Import,1616,33.48,1093526.4,0.01,3.6,3.94,11906,16.32,79.76,0.29,3.64,3000,0,69674.94,358815.67,574727.38,10.61,13.46,343283,69.86,25.1,17.28,127.89,3000,0,223310.75,933533.54,9.51,30
 World,Jordan,2017,Import,2665,55.21,5213063.78,0.03,1.88,4.3,35915,17.08,80.59,0.15,2.17,3000,0,105002.6,5717185.05,927418.83,9.61,10.3,591373,70.03,25.59,6.86,65.31,3000,0,900155.95,6643988.24,615.64,39
 World,Japan,2017,Import,4560,94.47,666990354.7,4.14,5.66,5.33,248510,56.45,41.27,0.35,1.94,3000,0,129226525.9,620964688.5,5594190.22,9.01,7.08,865051,70.04,26.09,1.49,11.99,3000,0,188667297.4,621043983.1,5514895.64,16
 World,Kazakhstan,2017,Import,3214,66.58,38535939.15,0.24,3.34,1.37,30526,41.39,54.6,0.44,3.57,754.3,0,1001575.82,35190481.6,3614870.9,9.41,4.22,644625,69.73,26.02,8.85,80.87,3000,0,25204167.67,38063413.42,741939.07,16
 World,Kenya,2017,Import,3612,74.83,4653139.12,0.03,2.9,16.81,26802,30.65,66.07,0.35,2.93,3000,0,772533.81,3365836.1,304598.44,9.55,17.33,639359,70.15,25.62,10.21,90.68,3000,0,931454.04,3567725.15,102709.39,25
 World,Kyrgyz Republic,2017,Import,1404,29.09,1251761.89,0.01,1.92,1.11,8978,21.39,77.3,0.17,1.15,299.31,0,1476.38,316819.23,989862.77,10.57,10.58,316292,70.78,24.12,18.56,160.92,3000,0,264334.92,1224651.93,82030.07,19
 World,Cambodia,2017,Import,2577,53.39,16054699.12,0.1,2.36,9.01,30399,35.5,60.1,0.07,4.33,603.4,0,36962.31,12618693.12,957518.62,9.57,14.9,501690,70.61,25.38,7.39,58.86,3000,0,420522.84,13575657.54,554.19,47
 World,Kiribati,2017,Import,223,4.62,54965.89,0,5.62,6.18,811,47.84,48.46,0,3.7,45,0,0,52500.56,9686.95,9.81,8.69,50538,68.38,28.41,21.82,178.3,3000,0,297.43,62187.48,0.04,26
 World,St. Kitts and Nevis,2017,Import,424,8.78,79143.73,0,2.02,1.05,4622,12.33,87.32,0.02,0.32,274.5,0,0.69,41746.36,26243.66,10.97,7.34,180581,68.26,26.64,30.03,169.21,3000,0,10647.27,67989.79,0.23,28
 World,"Korea, Rep.",2017,Import,4499,93.2,517307059.6,3.21,4.3,4.5,232572,47.01,50.31,0.31,2.37,3000,0,63633439.25,480055526.2,28869073.01,8.99,6.77,854076,70.07,26.07,1.58,12.63,3000,0,121401280.3,483731261.4,25193337.86,36
 World,Kuwait,2017,Import,1863,38.6,47078104.59,0.29,2.5,1.42,28924,27.93,68.32,0.62,3.13,513,0,27600310.2,33275571.88,4760387.08,9.62,3.47,578772,70.17,25.46,9.2,78.24,3000,0,29152076.22,34369323.95,3666635,30
 World,Lao PDR,2017,Import,928,19.23,2505957.64,0.02,2.92,6.46,6984,28.25,67.45,0.03,4.27,603.4,0,4318.3,648139.85,636049.49,11.7,9.3,187275,70.26,24.46,13.46,128.09,3000,0,132886.44,1284087.32,102.03,51
 World,Lebanon,2017,Import,3214,66.58,1936612.86,0.01,3.11,3.11,27424,25.88,68.41,0.5,5.21,3000,0,101089.82,1280020.42,294433.77,9.76,10.57,608343,70.2,25.41,10.1,87.37,3000,0,347517.24,1574317.06,137.13,31
 World,Liberia,2017,Import,738,15.29,1162239.3,0.01,2.39,1.02,2581,41.46,58.39,0.12,0.04,120,0,19.64,635918.07,420416.36,9.46,4.24,147934,68.91,27.66,41.26,155.33,3000,0,51910.61,1049875.31,6459.12,40
 World,Libya,2017,Import,1922,39.82,17671295.02,0.11,5.35,1.22,9665,67.74,22.57,1.03,8.66,611.5,0,14085883.27,14604794.74,1556552.15,9.09,2.87,415575,69.33,26.49,22.36,157.49,3000,0,14140439.72,15584958.47,576388.42,40
 World,St. Lucia,2017,Import,664,13.76,111494.92,0,0.88,0.32,3680,9.38,87.45,0.19,2.99,274.5,0,20.3,12600.18,31954.65,10.29,19.21,165261,70.07,25.74,23.91,163.97,3000,0,10726.28,38561.07,5993.75,32
 World,Latin America & Caribbean,2017,Import,4627,95.86,1006943662,6.24,3.46,6,973637,30.19,66.13,0.3,3.38,3000,0,216774707.6,917051217.1,13976459.98,9.19,9.97,875335,69.9,26.14,0.39,3.16,3000,0,322655267.1,921284039.6,9743637.43,1396
 World,Sri Lanka,2017,Import,3286,68.08,10440972.08,0.06,3.94,9.36,59191,46.4,48,0.42,5.17,3000,0,259912.66,9934135.69,240651.67,9.52,13.05,714352,70.3,25.59,5.2,44.41,3000,0,1506123.35,10110287.18,64500.18,35
 World,Lesotho,2017,Import,1361,28.2,1052980.74,0.01,0.35,2.49,3669,6.79,91.58,0,1.64,274.5,0,0,430469.24,591780.58,10.2,11.39,273184,70.79,24.63,31.04,309.54,3000,0,24841.93,1022232.29,17.53,39
 World,Lithuania,2017,Import,4450,92.19,22845523.53,0.14,5.58,38.08,66788,44.06,50.01,0.71,5.23,3000,0,839465.45,6068782.52,1867413.48,9.16,29.74,688340,70.67,25.3,4.44,37.11,3000,0,1904980.76,6268363.33,1667832.66,48
 World,Luxembourg,2017,Import,4400,91.15,16492145.5,0.1,5.26,4.1,33291,40.36,58.37,0.16,1.12,3000,0,29892.25,2392568.38,192372.01,9.48,7.57,440054,69.99,25.65,5.22,52.49,3000,0,243114.97,2584273.86,666.52,48
 World,Latvia,2017,Import,4379,90.72,11692910.85,0.07,4.89,6,42805,41.54,53.17,0.65,4.64,3000,0,251907.68,2367433.79,269537.1,9.47,10.8,549799,70.96,24.98,5.5,46.64,3000,0,819927.94,2630195.9,6774.98,48
 World,Macao,2017,Import,2368,49.06,1428857.23,0.01,5.11,24.29,17142,56.53,36.79,0.58,6.1,3000,0,42382.3,945939.59,309162.7,9.96,16.85,471067,70.59,24.97,12.61,109.36,3000,0,241429,1249252.88,5849.41,3
 World,Morocco,2017,Import,3581,74.19,27743940.78,0.17,2.75,7.13,45689,34.07,61.47,0.16,4.3,3000,0,1825870.58,21341789.29,1161842.19,9.2,10.73,685150,70.48,25.62,6.29,52.13,3000,0,4260772.43,22501297.44,2334.04,38
 World,Moldova,2017,Import,2504,51.87,2957340.03,0.02,1.1,7.36,21675,14.6,81.43,0.1,3.88,374.71,0,247898.64,2143955.49,500177.35,9.85,14.32,527255,70.23,25.33,11.71,96.34,3000,0,528387.7,2639254.19,4878.65,26
 World,Madagascar,2017,Import,2180,45.16,3334137.66,0.02,1.23,4.42,17714,17.06,79.68,0.15,3.11,754.3,0,4700.27,3019619.46,260047.84,9.8,9.6,461163,70.44,25.34,11.65,98.15,3000,0,179672.96,3279214.64,452.66,44
 World,Maldives,2017,Import,831,17.22,324353.38,0,6.1,4.23,4499,48.41,46.32,0.31,4.96,455.08,0,108.98,301473.11,15208.38,9.81,6.73,184695,69.44,26.83,14.78,138.48,3000,0,3413.48,316681.29,0.2,22
 World,Middle East & North Africa,2017,Import,4604,95.38,797439014.3,4.95,3.93,2.22,619648,38.76,56.59,0.5,4.15,3000,0,322806936.9,599635878.2,46560251.49,9.2,4.87,873161,69.95,26.08,0.61,4.98,3000,0,341521961,600460110.3,45736019.37,708
 World,Mexico,2017,Import,4305,89.19,429688379.8,2.66,3.89,6.6,134708,39.48,58.13,0.28,2.11,3000,0,58530718.49,391385280.2,9148296.18,9.07,9.71,825174,70.09,25.99,2.69,21.34,3000,0,162903177.4,398713009.5,1820566.81,58
 World,Marshall Islands,2017,Import,359,7.44,452475.3,0,3.99,1.29,1681,59.19,40.27,0.18,0.36,32.05,0,1.68,384638.12,27537.69,7.51,6.39,79175,68.06,29.89,9.93,86.91,654.51,0,9246.53,410482.63,1693.18,10
 World,"Macedonia, FYR",2017,Import,2711,56.16,6845604.99,0.04,1.37,4.68,27596,17.93,76.26,0.22,5.59,3000,0,411923.99,4765247.76,1107439.49,9.71,10.62,537881,70.68,24.88,9.56,76.82,3000,0,965647.41,5870780.89,1906.36,23
 World,Mali,2017,Import,1139,23.6,896276.19,0.01,2.53,0.52,6177,32.43,65.55,0.19,1.83,274.5,0,146.3,192606.83,655499.34,9.67,4.44,229828,68.8,27.02,23.34,132.35,3000,0,19788.38,848102.89,3.28,40
 World,Malta,2017,Import,4004,82.95,4352295.42,0.03,5.47,1.58,14841,32.37,66.17,0.15,1.31,3000,0,3138.43,1559890.5,186484.12,9.01,4.83,271921,69.77,26.44,8.47,60.97,3000,0,723333.91,1745161.09,1213.53,49
 World,Myanmar,2017,Import,2337,48.42,10577311.91,0.07,2.65,8.37,27644,32.36,63.96,0.04,3.64,3000,0,9600.58,7614174.62,3234436.96,9.91,11.75,491887,70.53,25.38,7.86,64.87,3000,0,1825672.94,10569891.05,278720.54,51
 World,Mongolia,2017,Import,1295,26.83,6052912.46,0.04,4.21,0.86,8218,28.33,61.71,0.96,9,754.3,0,1995.94,219649.44,692274.09,10.16,4.85,268557,69.44,25.87,19.62,133.89,3000,0,64107,911729.71,193.82,17
 World,Northern Mariana Islands,2017,Import,132,2.73,3896.63,0,4.91,0.75,517,53.38,46.03,0,0.58,513,0,0,1118.63,2786.57,10.89,5.27,34524,68.11,28.42,27.27,204.26,3000,0,775.18,3905.2,0,2
 World,Montenegro,2017,Import,1764,36.54,470341.67,0,0.73,1.94,11621,7.95,88.39,0.3,3.36,3000,0,22727.14,79354.35,273953.54,9.85,9.12,364295,69.52,25.9,14.99,128.61,3000,0,94544.88,353268.07,39.82,18
 World,Mozambique,2017,Import,2381,49.33,5571696.1,0.03,0.39,1.92,12068,3.74,95.24,0.1,0.93,350,0,5761,1531235.03,3223586.02,9.31,8.74,468735,69.64,26.37,17.2,137.58,3000,0,622845.3,4595785.16,159035.89,43
 World,Mauritania,2017,Import,745,15.43,2354070.7,0.01,2.58,1.33,4783,37.95,60.67,0.06,1.32,754.3,0,0.17,286777.91,583623.38,9.37,4.87,178413,68.14,27.6,20.47,138.53,3000,0,100332.51,870281.03,120.26,40
 World,Montserrat,2017,Import,275,5.7,19286.43,0,2.35,2.12,1343,20.25,79.37,0,0.37,45,0,0,9674.12,9055.18,9.78,5.56,65279,67.07,29.35,16.01,157.86,3000,0,1021.92,18729.3,0,37
 World,Mauritius,2017,Import,3146,65.18,2378639.08,0.01,1.38,5.71,26681,22.78,73.26,0.28,3.67,914.2,0,25568.85,1814338.78,229263.87,9.52,13.3,625210,70.6,25.3,9.85,86.29,3000,0,393657.16,2043493.02,109.63,33
 World,Malawi,2017,Import,1618,33.52,890325.31,0.01,1.46,13.25,7826,32.92,64.87,0.18,2.03,350,0,1960.75,735219.5,28912.6,9.79,57.01,300830,68.54,27.05,20.38,149.34,3000,0,598231.65,764131.31,0.79,42
 World,Malaysia,2017,Import,4365,90.43,263667580.7,1.64,4.08,3.06,159522,40.83,56.8,0.24,2.13,3000,0,22626345.65,220847715,23645662.83,9.09,5.69,836359,69.98,26.1,2.24,18.34,3000,0,53709340.89,236877288.2,7616089.69,43
 World,North America,2017,Import,4776,98.94,1777851028,11.02,6.45,5.96,595951,55.15,42.03,0.29,2.53,3000,0,263010336.9,1594831063,53580923.89,9.19,7.99,889995,69.84,26.2,0.66,5.27,3000,0,448264771.4,1598375319,50036667.75,46
 World,Namibia,2017,Import,2945,61.01,4144963.37,0.03,1.4,2.44,18554,15.9,82.84,0.1,1.16,497.55,0,9471.82,2291930.43,1668287.56,9.28,8.88,578946,69.84,26.07,13.82,113.81,3000,0,1438511.22,3932998.87,27219.12,24
 World,New Caledonia,2017,Import,809,16.76,1529739.38,0.01,2.97,1.14,4615,21.02,76.23,0.2,2.56,455.08,0,21.03,405303.13,310770.28,9.22,4.01,190668,68.04,27.79,22.84,149.51,3000,0,13897.89,716037.63,35.79,4
 World,Niger,2017,Import,902,18.69,624238.78,0,4.86,0.29,3873,32.25,67.23,0.05,0.46,3000,0,124.27,33283.86,371835.73,9.48,4.32,160203,68.16,27.76,18.8,149.83,3000,0,8044.8,405118.41,1.18,38
 World,Norfolk Island,2017,Import,88,1.82,1994.96,0,5.2,2.92,251,50.2,49.4,0,0.4,70.43,0,0,1263.2,554.44,11.93,8.91,16137,64.27,33.24,20.32,139.84,3000,0,594.35,1749.93,67.72,6
 World,Nigeria,2017,Import,3175,65.78,44686765.24,0.28,4.46,1.46,20107,36.75,54.74,0.63,7.87,2938.97,0,54095.13,41264696.77,1191175.01,9.57,3.21,592485,70.23,25.64,13.63,107.94,3000,0,34363698.51,41605891.84,849979.95,34
 World,Nicaragua,2017,Import,1833,37.97,4955385.83,0.03,2.17,12.43,13989,17.31,76,0.43,6.26,914.2,0,288932.82,4456822.86,591912.83,9.94,16.12,407953,69.62,25.95,14.6,114.32,3000,0,547534.8,5044126,4609.69,30
 World,Niue,2017,Import,280,5.8,66418.38,0,5.88,0.08,936,41.45,58.44,0,0.11,45,0,0,749.94,65319.44,8.69,3.93,49356,68.25,28.26,41.13,143.06,3000,0,325.87,66069.37,0,19
 World,Netherlands,2017,Import,4593,95.15,449665187,2.79,5.31,7.16,234296,45.18,51.58,0.43,2.81,3000,0,16676656.31,87363508.23,7002355.55,9.23,9.43,851535,69.94,26.04,1.59,12.99,3000,0,25992420.79,87639729.28,6726134.5,48
 World,Norway,2017,Import,4173,86.45,96719652.5,0.6,3.17,1.45,77024,31.02,65.7,0.3,2.98,3000,0,31185909.73,70946905.42,21155223.07,9.11,4.61,811652,70.01,26.03,4.46,37.24,3000,0,34497069.5,87852507.8,4249620.69,38
 World,Nepal,2017,Import,1739,36.03,759316.27,0,2.28,2.81,14506,26.77,71.12,0.09,2.02,754.3,0,4233.28,338033.05,306613.67,10.22,10.51,342525,71.12,24.3,10.11,98.04,3000,0,60898.16,644609.67,37.06,36
 World,Nauru,2017,Import,467,9.67,28776.14,0,4.8,0.33,1498,44.06,49.13,0.07,6.74,754.3,0,6.77,14438.1,9675.56,10.08,3.79,70263,69.5,27.17,12.62,143.66,3000,0,347.31,24113.66,0,11
 World,New Zealand,2017,Import,4110,85.15,36203885.74,0.22,6.48,17.92,91909,45.69,49.5,0.33,4.49,3000,0,5915304.69,31459613.32,866519.36,9.33,20.73,806746,69.97,25.93,3.83,32.18,3000,0,8033153.48,32273818.86,52313.82,18
 World,"Other Asia, nes",2017,Import,4454,92.27,402796411.9,2.5,6.32,3.65,184717,60.06,36.18,0.35,3.4,3000,0,12441471.75,234972692.7,1064521.65,9.02,5.01,844588,70.16,25.95,1.98,15.78,3000,0,38773867.72,235399511.5,637702.88,7
 World,Oman,2017,Import,2277,47.17,25656674.6,0.16,2.01,1.86,28351,31.99,64.63,0.51,2.86,754.3,0,215304.07,14171760.5,3265952.62,9.36,5.77,650251,70.18,25.75,8.7,84.64,3000,0,4568679.85,15750674.29,1687038.83,35
 World,Pakistan,2017,Import,3742,77.52,20513812.79,0.13,4.37,10.62,70866,54.62,40.07,0.41,4.9,3000,0,1737574.81,18688272.72,621060.96,9.27,16.05,739434,70.36,25.7,4.53,36.58,3000,0,3295820.2,19075033.94,234299.74,36
 World,Panama,2017,Import,3281,67.97,4505707.7,0.03,4.76,3.91,35812,40.52,56.51,0.28,2.69,3000,0,60159.06,2849114.4,616158.65,9.46,7.92,625044,70.39,25.64,7.75,61.57,3000,0,1121256.9,3335250.1,130022.95,47
 World,Pitcairn,2017,Import,182,3.77,1679.37,0,6.8,15.41,560,42.86,54.11,0,3.04,274.5,0,0,340.2,354.83,9.18,6.91,36993,68.65,27.63,20.54,224.64,3000,0,80.12,695.02,0,10
 World,Peru,2017,Import,3778,78.27,45465723.88,0.28,1.8,2.32,55751,17.68,78.91,0.2,3.22,2938.97,0,1808987.95,34089750.86,9056347.84,9.17,6.37,744371,70.29,25.8,5.71,46.46,3000,0,5169625.77,41482095.76,1664002.94,53
 World,Philippines,2017,Import,3769,78.08,81789868.22,0.51,3.26,3.07,77846,30.33,65.49,0.35,3.83,3000,0,1316034.71,53654976.55,4099721.62,9.28,6.11,734150,70.29,25.71,4.08,33.67,3000,0,12629985.03,57737337.36,17360.81,43
 World,Palau,2017,Import,128,2.65,23551.94,0,4.55,6.36,589,41.77,57.05,0.51,0.68,40,0,29.83,22021.94,888.61,10.77,7.69,33523,65.76,31.16,19.02,156.37,3000,0,1822.19,22897.67,12.88,7
 World,Papua New Guinea,2017,Import,1017,21.07,9490426.93,0.06,2.5,3.72,5570,15.91,83.38,0.05,0.66,2278.56,0,605466.08,6691723.87,536672.31,9.81,5.15,248408,68.89,27.41,28.04,136.68,3000,0,784702.23,7039909.18,188487,19
 World,Poland,2017,Import,4557,94.41,212332751,1.32,4.97,9.3,174746,43.03,53.12,0.45,3.4,3000,0,6543913.85,40839087.67,904365.76,9.26,12.59,790709,70.22,25.74,2.01,16.27,3000,0,10844207.59,41655188.34,88265.09,49
 World,"Korea, Dem. Rep.",2017,Import,1769,36.65,1910344.33,0.01,8.54,7.21,9979,62.47,35.75,0.32,1.46,3000,0,1658.22,90240.7,10843.96,8.47,6.52,262644,70.27,26.78,12.15,65.56,3000,0,11993.95,100392.83,691.83,19
 World,Portugal,2017,Import,4555,94.36,55534360.19,0.34,6.47,6.87,120006,44.5,52.03,0.3,3.17,3000,0,1399397.95,12323270.2,1805625.92,9.69,10.82,721732,70.71,25.01,2.76,23,3000,0,2872528.35,12831844.89,1297051.23,48
 World,Paraguay,2017,Import,2053,42.53,6401899.48,0.04,2.03,32.77,16874,15.73,76.99,0.72,6.55,3000,0,157087.55,5853596.95,679580.44,9.52,17.52,476895,69.81,25.95,12.5,107.25,3000,0,917698.53,6531858.6,1318.78,64
 World,Occ.Pal.Terr,2017,Import,413,8.56,99256.2,0,3.76,2.18,1855,22.91,70.3,0.05,6.74,611.5,0,29.5,39552.33,51093.29,11.78,12.31,91111,70.76,22.2,26.52,319.35,3000,0,20972.56,90614.66,30.97,25
 World,French Polynesia,2017,Import,897,18.58,194072.34,0,1.95,4.06,5479,10.44,86.51,0.33,2.72,2938.97,0,926.55,167351.24,15630.37,9.54,10.34,215004,68.35,27.5,21.99,140.81,3000,0,7617.65,182893.93,87.68,5
 World,Qatar,2017,Import,2503,51.85,57789074.93,0.36,5.52,1.39,20741,56.3,38.58,0.6,4.52,800.3,0,137600.75,42069406.15,6773139.72,9.35,3.35,504871,69.86,26.24,10.82,84.05,3000,0,14661660.7,42488375.63,6354170.25,31
 World,Romania,2017,Import,4492,93.06,70648924.16,0.44,4.06,6.18,87908,37.63,59.49,0.19,2.69,3000,0,957892.38,14422354.46,1395061,9.3,9.75,623123,70.57,25.4,3.08,25.5,3000,0,3168445.63,15387421.67,429993.78,59
 World,Russian Federation,2017,Import,4494,93.1,338775372.5,2.1,3.38,2.39,132782,41.63,55.16,0.24,2.96,3000,0,106627954.9,264150495.1,50922026.94,9.16,4.96,862102,69.94,26.07,2.83,23.09,3000,0,125028431.1,266794600.9,48277921.12,13
 World,Rwanda,2017,Import,918,19.02,240849.99,0,3.83,6.07,2351,34.54,64.65,0.13,0.68,754.3,0,2178.27,83924.48,44295.4,10.86,11.6,96919,67.79,27.83,27.26,153.3,3000,0,8971.31,128219.88,0,35
 World,South Asia,2017,Import,4591,95.11,307522963.6,1.91,5.2,7.11,482228,55.26,41.2,0.27,3.27,3000,0,35774298.88,282509065.7,23096068.87,9.04,10.63,872035,69.95,26.18,0.78,6.21,3000,0,51823925.8,285252669.2,20352465.31,288
 World,Saudi Arabia,2017,Import,3576,74.08,189426135.9,1.17,4.61,1.4,39621,46.95,48.86,0.46,3.73,3000,0,104700371.3,135669450.8,12577499.67,9.34,3.46,692874,70.06,25.81,7.53,64.75,3000,0,107123373.5,137762835.4,10484115.01,35
 World,Senegal,2017,Import,2737,56.7,2881644,0.02,1.99,2.02,15516,33.31,65.42,0.1,1.17,3000,0,1088.99,1095716.93,483706.62,9.5,7.31,540824,70.09,25.88,15.47,124.86,3000,0,95724.62,1567425.97,11997.58,41
 World,"Serbia, FR(Serbia/Montenegro)",2017,Import,3952,81.87,18064994.32,0.11,6.18,19.32,61988,63.03,26.54,0.64,9.79,3000,0,1872566.84,14936478.41,1783521.4,9.29,16.86,762879,70.04,25.88,5.33,44.88,3000,0,5974402.78,16536731.92,183267.88,
 World,Singapore,2017,Import,4392,90.99,211980793.1,1.31,3.88,2.78,119393,31.75,66.26,0.21,1.78,3000,0,12966089.83,115874160.5,29284995.34,9.1,5.26,822529,70.12,25.96,2.98,24.01,3000,0,28646598.14,123073581.5,22085574.29,54
 World,South Georgia and the South Sa,2017,Import,33,0.68,167.16,0,2.76,1.49,175,27.43,68.57,4,0,15,0,0.6,11.2,64.98,7.82,6.18,7813,63.36,32.84,28.57,141.14,3000,0,5.59,76.18,0,5
 World,Saint Helena,2017,Import,306,6.34,28169.65,0,5.2,1.18,1359,32.67,66.15,0.52,0.66,48,0,39.24,17725.12,5259.5,7.56,9.77,61383,65.89,32.2,19.79,66.74,2133.13,0,3518.74,22984.61,0,17
 World,Solomon Islands,2017,Import,301,6.24,790817.95,0,4.44,3.23,1252,31.39,68.29,0.24,0.08,3000,0,4.82,227860,8892.97,10.91,8.64,76947,68.2,27.88,38.02,202.88,3000,0,1541.62,236729.7,23.27,31
 World,Sierra Leone,2017,Import,1358,28.13,878373.67,0.01,2.36,1.32,8061,34.87,64.67,0.1,0.36,274.5,0,312.59,344818.44,138837.6,9.5,6.18,241724,69.39,26.85,13.01,99.63,3000,0,26004.31,483656.02,0.02,38
 World,El Salvador,2017,Import,2469,51.15,4363926,0.03,3.31,8.23,22362,27.06,68.02,0.32,4.6,513,0,69107.75,3629301.39,195965.5,9.99,13.06,497412,70.35,25.15,10.17,89.76,3000,0,1071289.57,3814022.64,11244.26,25
 World,San Marino,2017,Import,1015,21.03,129252.22,0,2.24,4.11,6912,32.52,64.83,0.16,2.49,3000,0,3497.56,85801.21,30543.12,9.54,7.1,210770,71.84,24.14,14.13,108.49,3000,0,29506.86,116245.79,98.54,6
 World,Somalia,2017,Import,380,7.87,213195.69,0,2.42,0.36,1634,28.21,71.24,0,0.55,56.12,0,0,30659.75,142184.78,8.34,14.8,75488,67.1,29.66,15.42,134.21,3000,0,30943.54,172844.28,0.25,40
 World,Special Categories,2017,Import,2133,44.19,36843010.73,0.23,9.23,3.4,5466,57.78,37.34,0.55,4.34,282.4,0,1268.87,2784480.6,1849840.82,9.48,7.43,471975,70.26,25.51,35.89,329.67,3000,0,1164373.32,4446217.63,188103.78,
 World,Saint Pierre and Miquelon,2017,Import,168,3.48,5466.15,0,4.7,4.43,504,21.23,78.77,0,0,40,0,0,1191.55,2399.6,8.96,8.29,32268,63.97,32.23,16.87,226.39,3000,0,321.08,3545.29,45.86,5
 World,South Sudan,2017,Import,256,5.3,1346364.63,0.01,3.47,0.65,615,48.46,51.06,0.49,0,40,0,0.39,8169.87,62018.44,7.41,3.42,32623,63.89,32.38,15.28,182.28,3000,0,60068.44,70188.31,0,17
 World,Sub-Saharan Africa,2017,Import,4600,95.3,296019616.3,1.84,2.81,2.63,541788,31.83,65.55,0.25,2.37,3000,0,74236307.76,217585993.6,4680489.4,9.17,7,878458,69.87,26.14,0.71,5.76,3000,0,93554833.82,219050890.3,3215592.71,1625
 World,Sao Tome and Principe,2017,Import,901,18.67,14318.43,0,2.35,2.08,5007,42.32,55.36,0.16,2.16,40,0,1.53,2692.75,9816.89,9.18,6.34,201203,68.35,27.58,24.99,138.25,3000,0,2296.88,12509.36,0.28,26
 World,Sudan,2017,Import,953,19.74,1777466.77,0.01,7.17,3.94,8147,65.86,24.79,1.28,8.06,3000,0,11611.17,1981631.7,2185522.61,9.69,6.85,269912,67.72,27.71,19.01,132.37,3000,0,1448097.97,4133086.42,34067.89,
 World,Suriname,2017,Import,1724,35.72,2047461.69,0.01,0.91,0.23,9725,8.68,89.43,0.16,1.73,274.5,0,15.19,154242.2,1777167.52,9.68,5.26,374726,69.24,26.16,19,158.18,3000,0,267127.71,1922914.53,8495.19,27
 World,Slovak Republic,2017,Import,4451,92.21,76922127.26,0.48,4.77,6.46,73693,37.63,60.1,0.21,2.07,3000,0,5420050.16,12108171.94,418235.98,8.96,11.22,580071,70.45,25.72,3.14,26.99,3000,0,6378380.07,12509323.28,17084.64,49
 World,Slovenia,2017,Import,4449,92.17,31412474.65,0.19,3.24,4.21,81520,32.55,65.02,0.29,2.15,3000,0,498777,6052550.13,272033.85,9.14,8.27,667622,70.3,25.62,3.66,29.77,3000,0,1878754.42,6311798.29,12785.69,49
 World,Sweden,2017,Import,4522,93.68,144266110.1,0.89,6.08,4.8,153389,41.35,56.61,0.28,1.76,3000,0,9513259.9,51057548.7,2420117.82,9.06,7.83,779902,70.15,25.94,2.19,17.69,3000,0,15166775.35,51829880.99,1647785.52,48
 World,Swaziland,2017,Import,2583,53.51,1876434.8,0.01,2.4,3.26,18776,23.57,75.02,0.14,1.27,959.95,0,414412.48,1109398.52,155698.91,9.48,12.72,505890,69.86,25.91,12.16,101.84,3000,0,800605.71,1265086.47,10.96,28
 World,Saint Maarten (Dutch part),2017,Import,1150,23.82,146004.23,0,10.64,9.95,4441,49.7,47.44,0.05,2.81,3000,0,46.41,31937.82,2680.05,10.98,9.78,251835,71.46,23.38,35.8,256.97,3000,0,25407.64,34565.88,51.99,3
 World,Seychelles,2017,Import,810,16.78,591812.94,0,2.59,3.63,3896,20.28,78.47,0,1.26,150,0,0,515614,39647.93,9.04,11.08,160784,67.63,28.79,17.4,130.67,3000,0,10215.34,540972.18,14289.75,24
 World,Syrian Arab Republic,2017,Import,1394,28.88,499648.27,0,2.5,4.8,9270,26.03,62.16,1.17,10.65,754.3,0,68508.38,349469.58,128729.09,11.2,11.15,281766,72.24,22.23,15.56,152.71,3000,0,154775.78,478156.01,42.67,29
 World,Turks and Caicos Isl.,2017,Import,512,10.61,16732.14,0,9.31,5.04,1810,39.12,53.09,0.44,7.35,100,0,81.94,5129.33,5851.8,9.65,17.56,95104,68.56,27.06,20.39,209.78,3000,0,4386.64,10978.33,2.8,13
 World,Chad,2017,Import,498,10.32,1181490.65,0.01,3.96,2.07,1472,37.64,61.75,0,0.61,274.5,0,0,867514.57,20893.36,8.9,3.11,77306,66.36,30.89,20.45,123.91,3000,0,839417.08,888025.47,382.46,30
 World,Togo,2017,Import,1453,30.1,1305718.42,0.01,1.09,0.73,6969,25.23,72.92,0.17,1.68,630,0,187.75,152082.79,455051.12,10.58,7.03,346057,69.91,24.97,28.33,225.84,3000,0,180997.58,571696.27,35437.64,39
 World,Thailand,2017,Import,4431,91.8,229288461.7,1.42,4.38,5.93,162256,40.11,56.16,0.43,3.3,3000,0,30120235.75,172950915.1,3193092.27,9.16,8.54,842656,70.06,26,2.27,18.2,3000,0,61390158.21,175731865.3,412142.07,42
 World,Tajikistan,2017,Import,831,17.22,964080.02,0.01,8.59,3.16,4409,43.43,54.62,0.27,1.68,611.5,0,35.96,358745.79,545462.43,10.51,5.39,171298,70.55,24.61,22.77,165.64,3000,0,33666.34,904202.24,5.98,16
 World,Tokelau,2017,Import,673,13.94,69059.17,0,8.56,2.9,2278,56.37,42.71,0.53,0.4,150,0,37.03,54234.61,6183.69,9.84,6.32,100277,71.57,24.58,13.92,155.84,3000,0,507.25,9296.32,51121.98,11
 World,Turkmenistan,2017,Import,914,18.94,7814727.86,0.05,3.9,2.02,4561,51.74,40.93,0.2,7.13,154.63,0,422.11,496312.65,470317.72,9.37,5.69,168917,68.97,26.76,22.54,135.39,3000,0,295250.59,827533.48,139096.9,15
 World,East Timor,2017,Import,252,5.22,97910.52,0,5.11,0.32,785,28.03,71.59,0.13,0.25,754.3,0,1.21,33065.69,76266.92,9.25,5.57,52039,66.68,30.17,25.99,183.18,3000,0,73239.96,108720.76,611.85,27
 World,Tonga,2017,Import,259,5.37,17343.88,0,4.1,4.3,787,39.14,59.09,0.38,1.4,370,0,176.95,8109.35,6698.06,10.15,12.97,61386,67.93,28.34,41.8,249.17,3000,0,1995.22,14807.41,0,18
 World,Trinidad and Tobago,2017,Import,2745,56.87,9180732.13,0.06,0.56,1.71,18989,5.73,92.35,0.09,1.83,3000,0,49655.15,5206898.5,2837664.13,9.61,4.88,535904,70.28,25.64,13.52,101.62,3000,0,2249260.87,7101331.48,943231.15,33
 World,Tunisia,2017,Import,3247,67.27,13982634.63,0.09,3.26,5.69,44488,36.32,57.16,0.39,6.14,3000,0,824745.84,11401125.12,1255306.4,9.28,9.27,639569,70.56,25.5,6.19,50.43,3000,0,2091683.3,12461177.96,195253.57,43
 World,Turkey,2017,Import,4461,92.42,134994179.3,0.84,5.09,8.2,233253,52.32,44,0.46,3.22,3000,0,26077487.67,130058295.6,3481131.31,9.04,11.32,842757,70.1,26.01,1.52,12.53,3000,0,35513273.72,131918007,1621419.88,29
 World,Tuvalu,2017,Import,186,3.85,4236.42,0,3.21,0.87,628,43.47,56.53,0,0,28,0,0,460.9,2609.73,9.06,7.16,31533,65.59,30.53,12.1,183.12,3000,0,305.34,3067.2,3.43,31
 World,Tanzania,2017,Import,2758,57.14,3630448.3,0.02,2.58,7.2,17089,37.23,61.69,0.2,0.87,1402.16,0,29052.77,1958945.41,1116304.67,9.49,15.56,525707,70.13,25.8,13.97,111.26,3000,0,562103.93,3075154.34,95.73,42
 World,Uganda,2017,Import,2752,57.01,1566132.55,0.01,2.72,20.67,14160,35.16,63.54,0.14,1.16,3000,0,22225.35,850041.72,134384.12,9.46,14.3,514174,69.84,26.08,14.78,133.26,3000,0,72134.01,984411.06,14.78,33
 World,Ukraine,2017,Import,3975,82.35,45271438.79,0.28,2.78,14.95,63676,31.38,66.14,0.2,2.28,3000,0,584899.05,32946982.44,3677903.93,9.21,12.03,755020,70.08,25.92,5.06,42.46,3000,0,5587835.51,36595680.19,29206.17,20
 World,United States Minor Outlying I,2017,Import,1006,20.84,10170.13,0,6.76,2.83,5470,64.44,26.05,1.17,8.34,274.5,0,29.83,4562.41,3663.38,10.14,6.35,217539,68.47,26.73,26.31,164.75,3000,0,846.94,8225.66,0.14,
 World,Unspecified,2017,Import,4574,94.76,104893203.4,0.65,8.77,5.83,70254,72.25,22.46,0.55,4.74,3000,0,865687.76,30840517.21,7596565.26,9.21,7.31,868463,69.91,26.09,5.4,44.06,3000,0,6796408.69,34415108.33,4021974.14,
 World,Uruguay,2017,Import,2933,60.76,9861511.14,0.06,4.18,13.83,29859,40.51,53.68,0.53,5.28,3000,0,525180.09,6461108.43,1621997.11,9.52,17.92,591883,70.08,25.76,8.25,74.17,3000,0,992304.98,8082126.12,979.43,61
 World,United States,2017,Import,4775,98.92,1355522932,8.41,6.6,6.01,401739,55.57,41.36,0.31,2.76,3000,0,185613261.6,1219653639,39599615.71,9.19,7.95,889617,69.84,26.19,0.97,7.82,3000,0,291063961.1,1220631635,38621620.17,19
 World,Uzbekistan,2017,Import,1789,37.06,8539571.98,0.05,1.89,1.59,14118,19.61,74.15,0.5,5.74,754.3,0,121688.17,2621256.25,4384554.04,10.36,6.37,356253,71.02,24.4,13.84,101.83,3000,0,818104.44,6993407.99,12402.31,20
 World,Holy See,2017,Import,251,5.2,5498.12,0,10.06,9.02,965,58.34,38.86,0,2.8,205.88,0,0,3355.26,1481.59,9.23,8.86,60483,68.7,28.37,22.9,160.62,3000,0,561.91,4698.7,138.15,
 World,St. Vincent and the Grenadines,2017,Import,897,18.58,248096.15,0,12.25,11.27,3063,38.26,58.28,0.23,3.23,100,0,1.8,111685.02,132122.16,9.43,5.84,186215,70.34,26.28,20.31,185.57,3000,0,10313.12,243730.03,77.15,30
 World,Venezuela,2017,Import,2281,47.26,30838470.27,0.19,4.91,0.79,18577,48.72,45.76,0.78,4.74,754.3,0,17821288.33,21138419.5,1998547.29,9.63,3.29,488838,70.16,25.79,12.94,93.58,3000,0,19681899.16,21618219.59,1518747.2,56
 World,British Virgin Islands,2017,Import,1687,34.95,446401.12,0,3.18,1.12,9233,22.25,74.71,0.08,2.97,165,0,6.35,411914.3,76031.95,9.43,9.88,342995,70,26.09,20.04,125.15,3000,0,31546.34,448970.29,38975.97,16
 World,Vietnam,2017,Import,4188,86.76,241579566.1,1.5,3.86,6.76,115135,35.45,60.76,0.29,3.5,3000,0,6244052.81,172308549.6,3682634.73,9.16,9.16,803871,70.29,25.81,2.99,24.27,3000,0,19975481.23,175955944.4,35239.97,47
 World,Vanuatu,2017,Import,382,7.91,216692.62,0,2.56,6.53,1356,21.39,78.47,0.07,0.07,264.68,0,159.95,92745.18,31619.27,9.96,8.66,92494,68.22,28.25,25.59,215.49,3000,0,11343.77,124361.79,2.66,35
 World, World,2017,Import,4827,100,16125913021,100,5.22,4.57,10710550,43.1,53.62,0.36,2.92,3000,0,2521884627,11419553035,305969920,9.21,7.74,891573,69.84,26.2,0.04,0.29,3000,0,3094973215,11419783513,305764774.9,1447
 World,Wallis and Futura Isl.,2017,Import,125,2.59,925.52,0,11.03,0.81,405,34.07,63.95,0,1.98,754.3,0,0,83.17,761.86,9.54,5.13,35908,67.07,27.21,31.85,475.06,3000,0,227.36,825.06,19.96,11
 World,Samoa,2017,Import,518,10.73,38672.77,0,4.02,11.83,2181,28.75,69.14,0.18,1.93,804.85,0,0.86,30161.3,8085.63,10.81,10.95,135067,70.4,24.71,45.48,257.22,3000,0,6664.48,38245.74,1.19,25
 World,Yemen,2017,Import,589,12.2,1653051.88,0.01,1.9,0.21,2375,21.43,77.98,0.25,0.34,754.3,0,11.47,89880.45,783091.91,11.27,5.62,120322,68.24,26.77,21.18,231.41,3000,0,109601.99,821553.86,51418.5,40
 World,South Africa,2017,Import,4552,94.3,101631857.9,0.63,3.46,4,130720,43.87,54.11,0.28,1.75,3000,0,10525499.13,78530203.65,3131569.76,9.18,8.02,871392,69.87,26.13,2.91,23.77,3000,0,23569834.7,80374158.98,1287614.44,20
 World,"Congo, Dem. Rep.",2017,Import,1233,25.54,7443560.49,0.05,3.9,1.19,5080,37.93,61.73,0.02,0.31,754.3,0,0.61,1853083.14,343119.18,9.15,4.4,196682,68.72,27.47,15.53,132.2,3000,0,1659200.46,2194221.72,1980.6,31
 World,Zambia,2017,Import,2357,48.83,6037853.26,0.04,1.46,1.08,12521,31.36,67.33,0.26,1.06,322.93,0,3174.47,4214802.92,189156.16,9.32,6.11,469845,69.58,26.35,16.39,136.52,3000,0,3664193.14,4403936.03,23.05,42
 World,Zimbabwe,2017,Import,2263,46.88,2005199.89,0.01,0.91,9.83,12118,11.45,86.21,0.13,2.21,914.2,0,5563.34,775629.67,197429.16,9.57,35.55,423959,69.79,26.12,15.43,127.97,3000,0,497564.13,973057.54,1.28,33
